N,P,K,temperature,humidity,ph,rainfall
45,25,40,18.2774,82.44567,5.714427,241.9112
